{
	"partitions" : [
		{
			"name" : "Top",
			"pins" : [
				{
					"name" : "MISO",
					"strict" : false
				},
				{
					"name" : "LED",
					"strict" : false
				},
				{
					"name" : "nConfig",
					"strict" : false
				},
				{
					"name" : "dout[0]",
					"strict" : false
				},
				{
					"name" : "dout[1]",
					"strict" : false
				},
				{
					"name" : "dout[2]",
					"strict" : false
				},
				{
					"name" : "dout[3]",
					"strict" : false
				},
				{
					"name" : "dout[4]",
					"strict" : false
				},
				{
					"name" : "dout[5]",
					"strict" : false
				},
				{
					"name" : "dout[6]",
					"strict" : false
				},
				{
					"name" : "dout[7]",
					"strict" : false
				},
				{
					"name" : "dout[8]",
					"strict" : false
				},
				{
					"name" : "dout[9]",
					"strict" : false
				},
				{
					"name" : "dout[10]",
					"strict" : false
				},
				{
					"name" : "dout[11]",
					"strict" : false
				},
				{
					"name" : "dout[12]",
					"strict" : false
				},
				{
					"name" : "dout[13]",
					"strict" : false
				},
				{
					"name" : "step[0]",
					"strict" : false
				},
				{
					"name" : "step[1]",
					"strict" : false
				},
				{
					"name" : "step[2]",
					"strict" : false
				},
				{
					"name" : "step[3]",
					"strict" : false
				},
				{
					"name" : "dir[0]",
					"strict" : false
				},
				{
					"name" : "dir[1]",
					"strict" : false
				},
				{
					"name" : "dir[2]",
					"strict" : false
				},
				{
					"name" : "dir[3]",
					"strict" : false
				},
				{
					"name" : "nRESET",
					"strict" : false
				},
				{
					"name" : "din[7]",
					"strict" : false
				},
				{
					"name" : "din[15]",
					"strict" : false
				},
				{
					"name" : "din[6]",
					"strict" : false
				},
				{
					"name" : "din[14]",
					"strict" : false
				},
				{
					"name" : "SCK",
					"strict" : false
				},
				{
					"name" : "SSEL",
					"strict" : false
				},
				{
					"name" : "MOSI",
					"strict" : false
				},
				{
					"name" : "din[5]",
					"strict" : false
				},
				{
					"name" : "din[13]",
					"strict" : false
				},
				{
					"name" : "din[4]",
					"strict" : false
				},
				{
					"name" : "din[12]",
					"strict" : false
				},
				{
					"name" : "din[11]",
					"strict" : false
				},
				{
					"name" : "din[3]",
					"strict" : false
				},
				{
					"name" : "din[2]",
					"strict" : false
				},
				{
					"name" : "din[10]",
					"strict" : false
				},
				{
					"name" : "din[1]",
					"strict" : false
				},
				{
					"name" : "din[9]",
					"strict" : false
				},
				{
					"name" : "din[0]",
					"strict" : false
				},
				{
					"name" : "din[8]",
					"strict" : false
				}
			]
		}
	]
}