{
	"partitions" : [
		{
			"name" : "Top",
			"pins" : [
				{
					"name" : "MISO",
					"strict" : false
				},
				{
					"name" : "LED",
					"strict" : false
				},
				{
					"name" : "nConfig",
					"strict" : false
				},
				{
					"name" : "up[0]",
					"strict" : false
				},
				{
					"name" : "up[1]",
					"strict" : false
				},
				{
					"name" : "up[2]",
					"strict" : false
				},
				{
					"name" : "up[3]",
					"strict" : false
				},
				{
					"name" : "down[0]",
					"strict" : false
				},
				{
					"name" : "down[1]",
					"strict" : false
				},
				{
					"name" : "down[2]",
					"strict" : false
				},
				{
					"name" : "down[3]",
					"strict" : false
				},
				{
					"name" : "dout[0]",
					"strict" : false
				},
				{
					"name" : "dout[1]",
					"strict" : false
				},
				{
					"name" : "dout[2]",
					"strict" : false
				},
				{
					"name" : "dout[3]",
					"strict" : false
				},
				{
					"name" : "dout[4]",
					"strict" : false
				},
				{
					"name" : "dout[5]",
					"strict" : false
				},
				{
					"name" : "dout[6]",
					"strict" : false
				},
				{
					"name" : "dout[7]",
					"strict" : false
				},
				{
					"name" : "dout[8]",
					"strict" : false
				},
				{
					"name" : "dout[9]",
					"strict" : false
				},
				{
					"name" : "nRESET",
					"strict" : false
				},
				{
					"name" : "MOSI",
					"strict" : false
				},
				{
					"name" : "quadB[3]",
					"strict" : false
				},
				{
					"name" : "din[7]",
					"strict" : false
				},
				{
					"name" : "SSEL",
					"strict" : false
				},
				{
					"name" : "SCK",
					"strict" : false
				},
				{
					"name" : "quadB[2]",
					"strict" : false
				},
				{
					"name" : "din[6]",
					"strict" : false
				},
				{
					"name" : "quadB[1]",
					"strict" : false
				},
				{
					"name" : "din[5]",
					"strict" : false
				},
				{
					"name" : "quadB[0]",
					"strict" : false
				},
				{
					"name" : "din[4]",
					"strict" : false
				},
				{
					"name" : "quadZ[1]",
					"strict" : false
				},
				{
					"name" : "quadZ[2]",
					"strict" : false
				},
				{
					"name" : "quadZ[0]",
					"strict" : false
				},
				{
					"name" : "quadZ[3]",
					"strict" : false
				},
				{
					"name" : "quadA[0]",
					"strict" : false
				},
				{
					"name" : "quadA[3]",
					"strict" : false
				},
				{
					"name" : "din[3]",
					"strict" : false
				},
				{
					"name" : "quadA[2]",
					"strict" : false
				},
				{
					"name" : "quadA[1]",
					"strict" : false
				},
				{
					"name" : "din[2]",
					"strict" : false
				},
				{
					"name" : "din[1]",
					"strict" : false
				},
				{
					"name" : "din[0]",
					"strict" : false
				}
			]
		}
	]
}