{
	"partitions" : [
		{
			"name" : "Top",
			"pins" : [
				{
					"name" : "LEDS[0]",
					"strict" : false
				},
				{
					"name" : "LEDS[1]",
					"strict" : false
				},
				{
					"name" : "COM_SPIOUT",
					"strict" : false
				},
				{
					"name" : "TEST0",
					"strict" : false
				},
				{
					"name" : "RECONFIG",
					"strict" : false
				},
				{
					"name" : "SPICLK",
					"strict" : false
				},
				{
					"name" : "SPIOUT",
					"strict" : false
				},
				{
					"name" : "SPICS",
					"strict" : false
				},
				{
					"name" : "IOBITS[0]",
					"strict" : false
				},
				{
					"name" : "IOBITS[1]",
					"strict" : false
				},
				{
					"name" : "IOBITS[2]",
					"strict" : false
				},
				{
					"name" : "IOBITS[3]",
					"strict" : false
				},
				{
					"name" : "IOBITS[4]",
					"strict" : false
				},
				{
					"name" : "IOBITS[5]",
					"strict" : false
				},
				{
					"name" : "IOBITS[6]",
					"strict" : false
				},
				{
					"name" : "IOBITS[7]",
					"strict" : false
				},
				{
					"name" : "IOBITS[8]",
					"strict" : false
				},
				{
					"name" : "IOBITS[9]",
					"strict" : false
				},
				{
					"name" : "IOBITS[10]",
					"strict" : false
				},
				{
					"name" : "IOBITS[11]",
					"strict" : false
				},
				{
					"name" : "IOBITS[12]",
					"strict" : false
				},
				{
					"name" : "IOBITS[13]",
					"strict" : false
				},
				{
					"name" : "IOBITS[14]",
					"strict" : false
				},
				{
					"name" : "IOBITS[15]",
					"strict" : false
				},
				{
					"name" : "IOBITS[16]",
					"strict" : false
				},
				{
					"name" : "IOBITS[17]",
					"strict" : false
				},
				{
					"name" : "IOBITS[18]",
					"strict" : false
				},
				{
					"name" : "IOBITS[19]",
					"strict" : false
				},
				{
					"name" : "IOBITS[20]",
					"strict" : false
				},
				{
					"name" : "IOBITS[21]",
					"strict" : false
				},
				{
					"name" : "IOBITS[22]",
					"strict" : false
				},
				{
					"name" : "IOBITS[23]",
					"strict" : false
				},
				{
					"name" : "IOBITS[24]",
					"strict" : false
				},
				{
					"name" : "IOBITS[25]",
					"strict" : false
				},
				{
					"name" : "IOBITS[26]",
					"strict" : false
				},
				{
					"name" : "IOBITS[27]",
					"strict" : false
				},
				{
					"name" : "IOBITS[28]",
					"strict" : false
				},
				{
					"name" : "IOBITS[29]",
					"strict" : false
				},
				{
					"name" : "IOBITS[30]",
					"strict" : false
				},
				{
					"name" : "IOBITS[31]",
					"strict" : false
				},
				{
					"name" : "IOBITS[32]",
					"strict" : false
				},
				{
					"name" : "IOBITS[33]",
					"strict" : false
				},
				{
					"name" : "COM_SPICLK",
					"strict" : false
				},
				{
					"name" : "COM_SPICS",
					"strict" : false
				},
				{
					"name" : "COM_SPIIN",
					"strict" : false
				},
				{
					"name" : "SPIIN",
					"strict" : false
				}
			]
		}
	]
}